https://www.tiledepot.co.nz/browse/4d-chevron-deep-blue-400-x-800-	4D Chevron Deep Blue 400 X 800 	159.9	204.67	1.28	None	WALL	CERAMIC	Italy	Blue
https://www.tiledepot.co.nz/browse/4d-chevron-white-400-x-800	4D Chevron White 400 X 800	159.9	204.67	1.28	None	WALL	CERAMIC	Italy	White
https://www.tiledepot.co.nz/browse/4d-diamond-deep-blue-400-x-800	4D Diamond Deep Blue 400 X 800	159.9	204.67	1.28	None	WALL	CERAMIC	Italy	Blue
https://www.tiledepot.co.nz/browse/4d-diamond-white-400-x-800	4D Diamond White 400 x 800	159.9	204.67	1.28	None	WALL	CERAMIC	Italy	White
https://www.tiledepot.co.nz/browse/abstract-white-100-x-300	Abstract White 100 x 300	69.9	62.91	0.9	None	MATT	PORCELAIN	CHINA	Off White
https://www.tiledepot.co.nz/browse/antigua-white-333x333	Antigua White 333x333	49.95	49.95	1.0	None	MATT	PORCELAIN	None	White
https://www.tiledepot.co.nz/browse/arctic-wall-tile-300-x-600	Arctic Wall Tile 300 x 600	49.9	71.86	1.44	None	GLOSS	CERAMIC	China	Grey
https://www.tiledepot.co.nz/browse/argile-cotto-100-x-100	Argile Cotto 100 X 100	109.9	54.95	0.5	None	MATT	PORCELAIN	SPAIN	Terracotta
https://www.tiledepot.co.nz/browse/argile-glacier-100-x-100mm	Argile Glacier 100 x 100mm	109.9	54.95	0.5	None	MATT	PORCELAIN	SPAIN	Blue
https://www.tiledepot.co.nz/browse/argile-ice-100-x-100	Argile Ice 100 X 100	109.9	54.95	0.5	None	MATT	PORCELAIN	SPAIN	Grey
https://www.tiledepot.co.nz/browse/argile-khaki-100-x-100	Argile Khaki 100 X 100	109.9	54.95	0.5	None	MATT	PORCELAIN	SPAIN	Green
https://www.tiledepot.co.nz/browse/argile-siena-100-x-100mm	Argile Siena 100 x 100mm	109.9	54.95	0.5	None	MATT	PORCELAIN	SPAIN	Beige
https://www.tiledepot.co.nz/browse/argile-sky-100-x-100mm	Argile Sky 100 x 100mm	109.9	54.95	0.5	None	MATT	PORCELAIN	SPAIN	Blue
https://www.tiledepot.co.nz/browse/art-stone-painting-light-grey-300-x-800	Art Stone Painting Light Grey 300 x 800	96.9	139.54	1.44	None	Matt	Porcelain	China	Grey
https://www.tiledepot.co.nz/browse/avalanche-wall-tile-300-x-600	Avalanche Wall Tile 300 x 600	49.9	71.86	1.44	None	GLOSS	CERAMIC	China	Off White
https://www.tiledepot.co.nz/browse/bateig-grey-decor-316-x-1000	Bateig Grey Decor 316 X 1000	99.9	157.84	1.58	None	MATT	PORCELAIN	SPAIN	Grey
https://www.tiledepot.co.nz/browse/bateig-pearl-decor-316-x-1000	Bateig Pearl Decor 316 X 1000	99.9	157.84	1.58	None	MATT	PORCELAIN	SPAIN	Grey
https://www.tiledepot.co.nz/browse/bevelled-white-gloss-wall-tile-100-x-200	Bevelled White Gloss Wall Tile 100 x 200	54.9	76.86	1.4	None	GLOSS	CERAMIC	CHINA	White
https://www.tiledepot.co.nz/browse/bevelled-white-gloss-wall-tile-100-x-300	Bevelled White Gloss Wall Tile 100 X 300	54.9	65.88	1.2	None	GLOSS	CERAMIC	None	White
https://www.tiledepot.co.nz/browse/bevelled-white-gloss-wall-tile-75-x-150	Bevelled White Gloss Wall Tile 75 x 150	54.9	84.0	1.53	None	GLOSS	CERAMIC	CHINA	White
https://www.tiledepot.co.nz/browse/bianco-lucidio-white-gloss-100-x-600	Bianco Lucidio White Gloss 100 x 600	54.9	85.64	1.56	None	GLOSS	CERAMIC	CHINA	White
https://www.tiledepot.co.nz/browse/bianco-lucidio-white-gloss-200-x-200	Bianco Lucidio White Gloss 200 x 200	39.9	60.65	1.52	None	GLOSS	CERAMIC	CHINA	White
https://www.tiledepot.co.nz/browse/blanco-brillo-white-gloss-wall-tile-300-x-600	Blanco Brillo White Gloss Wall Tile 300 x 600	41.9	60.34	1.44	None	GLOSS	CERAMIC	CHINA	White
https://www.tiledepot.co.nz/browse/blanco-brillo-white-matt-wall-tile-300-x-600	Blanco Brillo White Matt Wall Tile 300 x 600	41.9	60.34	1.44	None	MATT	CERAMIC	CHINA	White
https://www.tiledepot.co.nz/browse/calx-perla-100-x-300-	Calx Perla 100 X 300 	54.95	56.05	1.02	None	GLOSS	CERAMIC	ITALY	Off White
https://www.tiledepot.co.nz/browse/carrara-startiles-wall-tile-300-x-600	Carrara Startiles Wall Tile 300 x 600	49.9	71.86	1.44	None	GLOSS	CERAMIC	CHINA	White
https://www.tiledepot.co.nz/browse/casablanca-black-120-x-120-	Casablanca Black 120 X 120 	61.9	71.19	1.15	None	GLOSS	Ceramic	CHINA	Black
https://www.tiledepot.co.nz/browse/casablanca-black-58-x-242	Casablanca Black 58 X 242	61.9	60.66	0.98	None	Gloss	Ceramic	CHINA	Black
https://www.tiledepot.co.nz/browse/casablanca-bottle-green-58-x-242	Casablanca Bottle Green 58 X 242	61.9	60.66	0.98	None	gloss	Ceramic	CHINA	Green
https://www.tiledepot.co.nz/browse/casablanca-mint-58-x-242	Casablanca Mint 58 X 242	61.9	60.66	0.98	None	gloss	Ceramic	CHINA	Green
https://www.tiledepot.co.nz/browse/casablanca-navy-blue-120-x-120	Casablanca Navy Blue 120 X 120	61.9	71.19	1.15	None	GLOSS	Ceramic	CHINA	Blue
https://www.tiledepot.co.nz/browse/casablanca-navy-blue-58-x-242	Casablanca Navy Blue 58 X 242	61.9	60.66	0.98	None	GLOSS	Ceramic	CHINA	Blue
https://www.tiledepot.co.nz/browse/casablanca-orange-58-x-242	Casablanca Orange 58 X 242	61.9	60.66	0.98	None	GLOSS	Ceramic	CHINA	Orange
https://www.tiledepot.co.nz/browse/casablanca-pink-120-x-120	Casablanca Pink 120 X 120	61.9	71.19	1.15	None	GLOSS	Ceramic	CHINA	Pink
https://www.tiledepot.co.nz/browse/casablanca-pink-58-x-242	Casablanca Pink 58 X 242	61.9	60.66	0.98	None	GLOSS	Ceramic	CHINA	Pink
https://www.tiledepot.co.nz/browse/casablanca-red-120-x-120	Casablanca Red 120 X 120	61.9	71.19	1.15	None	GLOSS	Ceramic	CHINA	Red
https://www.tiledepot.co.nz/browse/casablanca-red-58-x-242	Casablanca Red 58 X 242	61.9	60.66	0.98	None	GLOSS	Ceramic	CHINA	Red
https://www.tiledepot.co.nz/browse/casablanca-sky-blue-58-x-242	Casablanca Sky Blue 58 X 242	61.9	60.66	0.98	None	GLOSS	Ceramic	CHINA	Blue
https://www.tiledepot.co.nz/browse/casablanca-white-120-x-120	Casablanca White 120 X 120	61.9	71.19	1.15	None	GLOSS	Ceramic	CHINA	White
https://www.tiledepot.co.nz/browse/casablanca-white-58-x-242	Casablanca White 58 X 242	61.9	60.66	0.98	None	GLOSS	Ceramic	CHINA	White
https://www.tiledepot.co.nz/browse/charm-gloss-white-300-x-900	Charm Gloss White 300 x 900	64.9	105.14	1.62	None	GLOSS	CERAMIC	CHINA - SHANDONG	White
https://www.tiledepot.co.nz/browse/charm-matt-white-wall-tile-300-x-900	Charm Matt White Wall Tile 300 x 900	64.9	52.57	0.81	None	MATT	CERAMIC	CHINA - SHANDONG	White
https://www.tiledepot.co.nz/browse/city-aqua-blue-gloss-100-x-300	City Aqua Blue Gloss 100 x 300	49.9	59.88	1.2	None	GLOSS	CERAMIC	CHINA	Blue
https://www.tiledepot.co.nz/browse/city-black-gloss-100-x-300	City Black Gloss 100 x 300	49.9	59.88	1.2	None	GLOSS	CERAMIC	CHINA	Black
https://www.tiledepot.co.nz/browse/city-black-matt-100-x-300-	City Black Matt 100 x 300 	59.9	71.88	1.2	None	MATT	CERAMIC	CHINA	Black
https://www.tiledepot.co.nz/browse/city-carrara-gloss-100-x-300	City Carrara Gloss 100 X 300	49.9	59.88	1.2	None	GLOSS	CERAMIC	CHINA	White
https://www.tiledepot.co.nz/browse/city-carrara-matt-100-x-300	City Carrara Matt 100 X 300	49.9	59.88	1.2	None	MATT	CERAMIC	CHINA	White
https://www.tiledepot.co.nz/browse/city-cloud-gloss-100-x-300	City Cloud Gloss 100 x 300	49.9	59.88	1.2	None	GLOSS	CERAMIC	CHINA	Grey
https://www.tiledepot.co.nz/browse/city-duck-egg-blue-gloss-100-x-300-	City Duck Egg Blue Gloss 100 x 300 	49.9	59.88	1.2	None	GLOSS	CERAMIC	CHINA	Blue
https://www.tiledepot.co.nz/browse/city-green-gloss-100-x-300	City Green Gloss 100 x 300	49.9	59.88	1.2	None	GLOSS	CERAMIC	CHINA	Green
https://www.tiledepot.co.nz/browse/city-navy-blue-gloss-100-x-300	City Navy Blue Gloss 100 x 300	49.9	59.88	1.2	None	GLOSS	CERAMIC	CHINA	Blue
https://www.tiledepot.co.nz/browse/city-orange-gloss-100-x-300	City Orange Gloss 100 x 300	49.9	59.88	1.2	None	GLOSS	CERAMIC	CHINA	Orange
https://www.tiledepot.co.nz/browse/city-pearl-gloss-100-x-300	City Pearl Gloss 100 x 300	49.9	59.88	1.2	None	GLOSS	CERAMIC	CHINA	Grey
https://www.tiledepot.co.nz/browse/city-pearl-matt-100-x-300-	City Pearl Matt 100 x 300 	49.9	59.88	1.2	None	MATT	CERAMIC	CHINA	Grey
https://www.tiledepot.co.nz/browse/city-red-gloss-100-x-300-	City Red Gloss 100 x 300 	49.9	59.88	1.2	None	GLOSS	CERAMIC	CHINA	Red
https://www.tiledepot.co.nz/browse/city-white-gloss-100-x-200	City White Gloss 100 x 200	44.9	62.86	1.4	None	GLOSS	CERAMIC	CHINA	White
https://www.tiledepot.co.nz/browse/city-white-gloss-100-x-300	City White Gloss 100 x 300	41.9	50.28	1.2	None	GLOSS	CERAMIC	CHINA	White
https://www.tiledepot.co.nz/browse/city-white-gloss-100-x-400	City White Gloss 100 x 400	41.9	41.9	1.0	None	GLOSS	CERAMIC	CHINA	White
https://www.tiledepot.co.nz/browse/city-white-gloss-150-x-150	City White Gloss 150 x 150	41.9	71.65	1.71	None	GLOSS	CERAMIC	CHINA	White
https://www.tiledepot.co.nz/browse/city-white-gloss-200-x-300	City White Gloss 200 x 300	41.9	62.85	1.5	None	GLOSS	CERAMIC	CHINA	White
https://www.tiledepot.co.nz/browse/city-white-gloss-200-x-400	City White Gloss 200 x 400	41.9	60.34	1.44	None	GLOSS	CERAMIC	CHINA	White
https://www.tiledepot.co.nz/browse/city-white-gloss-250-x-400	City White Gloss 250 x 400	41.9	62.85	1.5	None	GLOSS	CERAMIC	CHINA	White
https://www.tiledepot.co.nz/browse/city-white-gloss-75-x-150	City White Gloss 75 x 150	41.9	64.11	1.53	None	GLOSS	CERAMIC	CHINA	White
https://www.tiledepot.co.nz/browse/city-white-matt-100-x-200-	City White Matt 100 X 200 	41.9	58.66	1.4	None	MATT	CERAMIC	CHINA	White
https://www.tiledepot.co.nz/browse/city-white-matt-100-x-300	City White Matt 100 x 300	41.9	50.28	1.2	None	MATT	CERAMIC	CHINA	White
https://www.tiledepot.co.nz/browse/city-white-matt-100-x-400	City White Matt 100 x 400	41.9	41.9	1.0	None	MATT	CERAMIC	CHINA	White
https://www.tiledepot.co.nz/browse/city-white-matt-250-x-400	City White Matt 250 x 400	41.9	62.85	1.5	None	MATT	CERAMIC	CHINA	White
https://www.tiledepot.co.nz/browse/deep-natural-deco-295-x-900	Deep Natural Deco 295 X 900	99.9	158.84	1.59	None	MATT	PORCELAIN	SPAIN	Grey
https://www.tiledepot.co.nz/browse/everest-gloss-wall-300-x-600	Everest Gloss Wall 300 x 600	49.9	71.86	1.44	None	GLOSS	CERAMIC	China	White
https://www.tiledepot.co.nz/browse/evolutia-beige-decor-316-x-1000	Evolutia Beige Decor 316 X 1000	99.9	157.84	1.58	None	MATT	PORCELAIN	SPAIN	Beige
https://www.tiledepot.co.nz/browse/evolutia-beige-matt-316-x-1000	Evolutia Beige Matt 316 X 1000	99.9	157.84	1.58	None	MATT	PORCELAIN	SPAIN	Beige
https://www.tiledepot.co.nz/browse/evolutia-white-decor-316-x-1000	Evolutia White Decor 316 X 1000	99.9	157.84	1.58	None	MATT	PORCELAIN	SPAIN	White
https://www.tiledepot.co.nz/browse/evolutia-white-matt-316-x-1000	Evolutia White Matt 316 X 1000	99.9	157.84	1.58	None	MATT	PORCELAIN	SPAIN	White
https://www.tiledepot.co.nz/browse/genesis-white-desert-matt-450-x-1200	Genesis White Desert Matt 450 X 1200	149.9	242.84	1.62	None	MATT	CERAMIC	PORTUGAL	White
https://www.tiledepot.co.nz/browse/genesis-white-matt-450-x-1200	Genesis White Matt 450 X 1200	149.9	242.84	1.62	None	MATT	CERAMIC	PORTUGAL	White
https://www.tiledepot.co.nz/browse/genesis-white-palm-matt-450-x-1200	Genesis White Palm Matt 450 X 1200	149.9	242.84	1.62	None	MATT	CERAMIC	PORTUGAL	White
https://www.tiledepot.co.nz/browse/genesis-white-stellar-matt-450-x-1200	Genesis White Stellar Matt 450 X 1200	149.9	242.84	1.62	None	MATT	CERAMIC	PORTUGAL	White
https://www.tiledepot.co.nz/browse/gioia-bianco-150-x-610	Gioia Bianco 150 x 610	134.9	137.6	1.02	None	MATT	PORCELAIN	None	White
https://www.tiledepot.co.nz/browse/gioia-greige-150-x-610	Gioia Greige 150 x 610	134.9	137.6	1.02	None	MATT	PORCELAIN	None	Grey
https://www.tiledepot.co.nz/browse/gioia-grigio-150-x-610	Gioia Grigio 150 x 610	134.9	137.6	1.02	None	MATT	PORCELAIN	None	Grey
https://www.tiledepot.co.nz/browse/gioia-nero-150-x-610	Gioia Nero 150 x 610	134.9	137.6	1.02	None	MATT	PORCELAIN	ITALY	Black
https://www.tiledepot.co.nz/browse/glam-greenwall-a-500-x-1000-	Glam Greenwall A 500 x 1000 	None	None	None	319.9	MATT	PORCELAIN	ITALY	Green
https://www.tiledepot.co.nz/browse/glam-greenwall-b-500-x-1000	Glam Greenwall B 500 x 1000	None	None	None	319.9	MATT	PORCELAIN	ITALY	Green
https://www.tiledepot.co.nz/browse/glam-greenwall-c-500-x-1000	Glam Greenwall C 500 x 1000	None	None	None	319.9	MATT	PORCELAIN	ITALY	Green
https://www.tiledepot.co.nz/browse/glam-greenwall-d-500-x-1000	Glam Greenwall D 500 x 1000	None	None	None	319.9	MATT	PORCELAIN	ITALY	Green
https://www.tiledepot.co.nz/browse/glam-greenwall-e-500-x-1000	Glam Greenwall E 500 x 1000	None	None	None	319.9	MATT	PORCELAIN	ITALY	Green
https://www.tiledepot.co.nz/browse/glam-hedge-a-500-x-1000	Glam Hedge A 500 x 1000	None	None	None	319.9	MATT	PORCELAIN	ITALY	Patterned
https://www.tiledepot.co.nz/browse/glam-hedge-b-500-x-1000	Glam Hedge B 500 x 1000	None	None	None	319.9	MATT	PORCELAIN	ITALY	Patterned
https://www.tiledepot.co.nz/browse/hexa-wall-black-swan-gloss-173-x-150	Hexa Wall Black Swan Gloss 173 x 150	149.9	68.95	0.46	None	GLOSS	CERAMIC	ITALY	Black
https://www.tiledepot.co.nz/browse/hexa-wall-cherry-pie-gloss-173-x-150	Hexa Wall Cherry Pie Gloss 173 x 150	149.9	68.95	0.46	None	GLOSS	CERAMIC	ITALY	Red
https://www.tiledepot.co.nz/browse/hexa-wall-green-echo-gloss-173-x-150	Hexa Wall Green Echo Gloss 173 x 150	149.9	68.95	0.46	None	GLOSS	CERAMIC	ITALY	Green
https://www.tiledepot.co.nz/browse/hexa-wall-lemon-sorbet-173-x-150	Hexa Wall Lemon Sorbet 173 x 150	149.9	68.95	0.46	None	GLOSS	CERAMIC	ITALY	White
https://www.tiledepot.co.nz/browse/hexa-wall-ocean-wave-gloss-173-x-150	Hexa Wall Ocean Wave Gloss 173 x 150	149.9	68.95	0.46	None	GLOSS	CERAMIC	ITALY	Blue
https://www.tiledepot.co.nz/browse/himalaya-black-3d-mosaics-290-x-290-	Himalaya Black 3D Mosaics 290 X 290 	None	None	None	59.9	Matt	Porcelain	ITALY	Black
https://www.tiledepot.co.nz/browse/himalaya-coral-3d-mosaics-290-x-290	Himalaya Coral 3D Mosaics 290 X 290	None	None	None	59.9	Matt	Porcelain	ITALY	Pink
https://www.tiledepot.co.nz/browse/himalaya-light-grey-3d-mosaics-290-x-290	Himalaya Light Grey 3D Mosaics 290 X 290	None	None	None	59.9	Matt	Porcelain	ITALY	Grey
https://www.tiledepot.co.nz/browse/himalaya-white-3d-mosaics-290-x-290-	Himalaya White 3D Mosaics 290 X 290 	None	None	None	59.9	Matt	Porcelain	ITALY	White
https://www.tiledepot.co.nz/browse/home-ash-kit-kat-125-x-250	Home Ash Kit-Kat 125 X 250	144.9	117.37	0.81	None	Gloss	Porcelain	Italy	Off White
https://www.tiledepot.co.nz/browse/home-curry-kit-kat-125x250	Home Curry Kit-Kat 125x250	144.9	117.37	0.81	None	Gloss	Porcelain	Italy	Yellow
https://www.tiledepot.co.nz/browse/home-forest-kit-kat-125-x-250-br-br-home-forest-kit-kat-125x250-br-br-home-forest-kit-kat-125x250-br	Home Forest Kit-Kat 125 x 250 Home Forest Kit-Kat 125x250Home Forest Kit-Kat 125x250Home Forest Kit-	144.9	117.37	0.81	None	Gloss	Porcelain	Italy	Green
https://www.tiledepot.co.nz/browse/home-honey-kit-kat-125x250	Home Honey Kit-Kat 125x250	144.9	117.37	0.81	None	Gloss	Porcelain	Italy	Off White
https://www.tiledepot.co.nz/browse/home-milk-kit-kat-125x250-	Home Milk Kit-Kat 125x250 	144.9	117.37	0.81	None	Gloss	Porcelain	Italy	White
https://www.tiledepot.co.nz/browse/home-navy-kit-kat-125-x-250	Home Navy Kit-Kat 125 X 250	144.9	117.37	0.81	None	Gloss	Porcelain	Italy	Blue
https://www.tiledepot.co.nz/browse/home-sky-kit-kat-125x250	Home Sky Kit-Kat 125x250	144.9	117.37	0.81	None	Gloss	Porcelain	Italy	Blue
https://www.tiledepot.co.nz/browse/kromatika-beige-116-x-101	Kromatika Beige 116 X 101	154.9	68.16	0.44	None	MATT	PORCELAIN	SPAIN	Beige
https://www.tiledepot.co.nz/browse/kromatika-black-116-x-101	Kromatika Black 116 X 101	154.9	68.16	0.44	None	MATT	PORCELAIN	SPAIN	Black
https://www.tiledepot.co.nz/browse/kromatika-bleu-clair-116-x-101	Kromatika Bleu Clair 116 X 101	154.9	68.16	0.44	None	MATT	PORCELAIN	SPAIN	Blue
https://www.tiledepot.co.nz/browse/kromatika-clay-116-x-101	Kromatika Clay 116 X 101	154.9	68.16	0.44	None	MATT	PORCELAIN	SPAIN	Terracotta
https://www.tiledepot.co.nz/browse/kromatika-green-116-x-101	Kromatika Green 116 X 101	154.9	68.16	0.44	None	MATT	PORCELAIN	SPAIN	Green
https://www.tiledepot.co.nz/browse/kromatika-mint-116-x-101	Kromatika Mint 116 X 101	154.9	68.16	0.44	None	MATT	PORCELAIN	SPAIN	Blue
https://www.tiledepot.co.nz/browse/kromatika-navy-blue-116-x-101	Kromatika Navy Blue 116 X 101	154.9	68.16	0.44	None	MATT	PORCELAIN	SPAIN	Blue
https://www.tiledepot.co.nz/browse/kromatika-rose-116-x-101	Kromatika Rose 116 X 101	154.9	68.16	0.44	None	MATT	PORCELAIN	SPAIN	Pink
https://www.tiledepot.co.nz/browse/kromatika-white-116-x-101	Kromatika White 116 X 101	154.9	68.16	0.44	None	MATT	PORCELAIN	SPAIN	White
https://www.tiledepot.co.nz/browse/lanse-bahia-picket-50x250	Lanse Bahia Picket 50x250	114.9	57.45	0.5	None	MATT	CERAMIC	SPAIN	Beige
https://www.tiledepot.co.nz/browse/lanse-black-picket-50x250	Lanse Black Picket 50x250	114.9	57.45	0.5	None	MATT	CERAMIC	SPAIN	Black
https://www.tiledepot.co.nz/browse/lanse-navy-picket-50x250	Lanse Navy Picket 50x250	114.9	57.45	0.5	None	MATT	CERAMIC	SPAIN	Blue
https://www.tiledepot.co.nz/browse/lanse-rose-picket-50x250	Lanse Rose Picket 50x250	114.9	57.45	0.5	None	MATT	CERAMIC	SPAIN	Pink
https://www.tiledepot.co.nz/browse/lanse-viridian-picket-50x250	Lanse Viridian Picket 50x250	114.9	57.45	0.5	None	MATT	CERAMIC	SPAIN	Green
https://www.tiledepot.co.nz/browse/lanse-white-picket-50x250	Lanse White Picket 50x250	114.9	57.45	0.5	None	MATT	CERAMIC	SPAIN	White
https://www.tiledepot.co.nz/browse/lyon-dark-150-x-610	Lyon Dark 150 X 610	124.9	127.4	1.02	None	MATT	PORCELAIN	None	Brown
https://www.tiledepot.co.nz/browse/lyon-multicolour-150-x-610	Lyon Multicolour 150 X 610	124.9	127.4	1.02	None	MATT	PORCELAIN	None	Patterned
https://www.tiledepot.co.nz/browse/lyon-red-150-x-610	Lyon Red 150 X 610	124.9	127.4	1.02	None	MATT	PORCELAIN	None	Red
https://www.tiledepot.co.nz/browse/lyon-sand-150-x-610	Lyon Sand 150 X 610	124.9	127.4	1.02	None	MATT	PORCELAIN	None	Beige
https://www.tiledepot.co.nz/browse/madison-blue-matt-65-x-265	Madison Blue Matt 65 X 265	59.9	59.9	1.0	None	MATT	CERAMIC	CHINA	Blue
https://www.tiledepot.co.nz/browse/madison-dusk-matt-65-x-265	Madison Dusk Matt 65 X 265	59.9	59.9	1.0	None	MATT	CERAMIC	CHINA	Grey
https://www.tiledepot.co.nz/browse/madison-mint-matt-65-x-265-	Madison Mint Matt 65 X 265 	59.9	59.9	1.0	None	MATT	CERAMIC	CHINA	Black
https://www.tiledepot.co.nz/browse/madison-pearl-matt-65-x-265-	Madison Pearl Matt 65 X 265 	59.9	59.9	1.0	None	MATT	CERAMIC	CHINA	Off White
https://www.tiledepot.co.nz/browse/marmo-wall-1-0-300-x-600	Marmo Wall 1.0 300 x 600	49.9	71.86	1.44	None	GLOSS	CERAMIC	CHINA	White
https://www.tiledepot.co.nz/browse/marmo-wall-2-0-300-x-600	Marmo Wall 2.0 300 x 600	49.9	71.86	1.44	None	GLOSS	CERAMIC	CHINA	White
https://www.tiledepot.co.nz/browse/mashup-dolomia-beige-spaccato-300-x-600	Mashup Dolomia Beige Spaccato 300 X 600	174.9	188.89	1.08	None	MATT	PORCELAIN	ITALY	Beige
https://www.tiledepot.co.nz/browse/mashup-dolomia-greige-spa-300-x-600	Mashup Dolomia Greige Spa 300 X 600	174.9	188.89	1.08	None	MATT	PORCELAIN	ITALY	Grey
https://www.tiledepot.co.nz/browse/materici-foresta-60-x-250	Materici Foresta 60 X 250	194.9	93.55	0.48	None	GLOSS	PORCELAIN	Italy	Green
https://www.tiledepot.co.nz/browse/materici-stagno-60-x-250	Materici Stagno 60 X 250	194.9	93.55	0.48	None	GLOSS	PORCELAIN	Italy	Blue
https://www.tiledepot.co.nz/browse/may-amber-100-x-200-	May Amber 100 X 200 	109.9	70.34	0.64	None	Matt	Ceramic	ITALY	Yellow
https://www.tiledepot.co.nz/browse/may-azure-100-x-200	May Azure 100 x 200	109.9	70.34	0.64	None	Matt	Ceramic	ITALY	Blue
https://www.tiledepot.co.nz/browse/may-fern-100-x-200-	May Fern 100 X 200 	109.9	70.34	0.64	None	Matt	Ceramic	ITALY	Blue
https://www.tiledepot.co.nz/browse/may-grey-100-x-200-	May Grey 100 x 200 	109.9	70.34	0.64	None	Matt	Ceramic	ITALY	Grey
https://www.tiledepot.co.nz/browse/may-olive-100-x-200	May Olive 100 X 200	109.9	70.34	0.64	None	Matt	Ceramic	ITALY	Blue
https://www.tiledepot.co.nz/browse/may-red-100-x-200	May Red 100 x 200	109.9	70.34	0.64	None	Matt	Ceramic	ITALY	Red
https://www.tiledepot.co.nz/browse/may-white-100-x-200	May White 100 x 200	109.9	70.34	0.64	None	Matt	Ceramic	ITALY	Grey
https://www.tiledepot.co.nz/browse/picton-white-gloss-150-x-150	Picton White Gloss 150 X 150	69.9	102.05	1.46	None	GLOSS	CERAMIC	CHINA	White
https://www.tiledepot.co.nz/browse/picton-white-gloss-75-x-150	Picton White Gloss 75 X 150	69.9	100.66	1.44	None	GLOSS	CERAMIC	CHINA	White
https://www.tiledepot.co.nz/browse/picton-white-matt-150-x-150	Picton White Matt 150 X 150	69.9	102.05	1.46	None	MATT	CERAMIC	CHINA	White
https://www.tiledepot.co.nz/browse/picton-white-matt-75-x-150	Picton White Matt 75 X 150	69.9	100.66	1.44	None	MATT	CERAMIC	CHINA	White
https://www.tiledepot.co.nz/browse/roma-beige-160-x-400	Roma Beige 160 X 400	124.9	119.9	0.96	None	Matt	Porcelain	None	Beige
https://www.tiledepot.co.nz/browse/roma-grey-160-x-400	Roma Grey 160 X 400	124.9	119.9	0.96	None	Matt	Porcelain	None	Grey
https://www.tiledepot.co.nz/browse/slide-emerald-wall-100-x-300	Slide Emerald Wall 100 x 300	109.9	112.1	1.02	None	Gloss	Ceramic	ITALY	Green
https://www.tiledepot.co.nz/browse/slide-grey-100-x-300	Slide Grey 100 x 300	109.9	112.1	1.02	None	Gloss	Ceramic	ITALY	Grey
https://www.tiledepot.co.nz/browse/slide-ocean-100-x-300	Slide Ocean 100 x 300	109.9	112.1	1.02	None	Gloss	Ceramic	ITALY	Blue
https://www.tiledepot.co.nz/browse/slide-white-100-x-300	Slide White 100 x 300	109.9	112.1	1.02	None	Gloss	Ceramic	ITALY	White
https://www.tiledepot.co.nz/browse/snow-gloss-wall-300-x-600	Snow Gloss Wall 300 x 600	49.9	71.86	1.44	None	GLOSS	CERAMIC	China	Grey
https://www.tiledepot.co.nz/browse/tint-dune-matt-52-x-160	Tint Dune Matt 52 X 160	214.9	90.26	0.42	None	MATT	Ceramic	Italy	Off White
https://www.tiledepot.co.nz/browse/tint-fog-matt-52-x-160	Tint Fog Matt 52 X 160	214.9	90.26	0.42	None	MATT	Ceramic	Italy	Grey
https://www.tiledepot.co.nz/browse/tint-garden-matt-52-x-160	Tint Garden Matt 52 X 160	214.9	90.26	0.42	None	MATT	Ceramic	Italy	Green
https://www.tiledepot.co.nz/browse/tint-sea-glass-matt-52-x-160	Tint Sea Glass Matt 52 X 160	214.9	90.26	0.42	None	MATT	Ceramic	Italy	Green
https://www.tiledepot.co.nz/browse/tint-water-matt-52-x-160	Tint Water Matt 52 X 160	214.9	90.26	0.42	None	MATT	Ceramic	Italy	Blue
https://www.tiledepot.co.nz/browse/touch-alabaster-gloss-75-x-300	Touch Alabaster Gloss 75 x 300	69.9	69.2	0.99	None	GLOSS	CERAMIC	CHINA	Off White
https://www.tiledepot.co.nz/browse/touch-ash-gloss-75-x-300	Touch Ash Gloss 75 x 300	69.9	69.2	0.99	None	GLOSS	CERAMIC	CHINA	Grey
https://www.tiledepot.co.nz/browse/touch-bianco-gloss-75-x-300	Touch Bianco Gloss 75 x 300	69.9	69.2	0.99	None	GLOSS	CERAMIC	CHINA	White
https://www.tiledepot.co.nz/browse/touch-bianco-matt-75-x-300	Touch Bianco Matt 75 x 300	69.9	69.2	0.99	None	MATT	CERAMIC	CHINA	White
https://www.tiledepot.co.nz/browse/touch-carrara-gloss-75-x-300-	Touch Carrara Gloss 75 x 300 	69.9	69.2	0.99	None	GLOSS	CERAMIC	CHINA	White
https://www.tiledepot.co.nz/browse/touch-nero-gloss-75-x-300	Touch Nero Gloss 75 x 300	69.9	69.2	0.99	None	GLOSS	CERAMIC	CHINA	Black
https://www.tiledepot.co.nz/browse/touch-st-clair-gloss-75-x-300	Touch St Clair Gloss 75 x 300	69.9	69.2	0.99	None	GLOSS	CERAMIC	CHINA	Blue
https://www.tiledepot.co.nz/browse/trend-subway-bronzite-75-x-150-sold-per-tile-	TREND SUBWAY BRONZITE 75 X 150 (sold per tile)	None	None	None	7.9	None	None	None	None
https://www.tiledepot.co.nz/browse/trend-subway-noir-75-x-150-sold-per-tile-	TREND SUBWAY NOIR 75 X 150 (sold per tile)	None	None	None	7.9	None	None	None	None
https://www.tiledepot.co.nz/browse/trend-subway-onyx-75-x-150-sold-per-tile-	TREND SUBWAY ONYX 75 X 150 (SOLD PER TILE)	None	None	None	7.9	None	None	None	None
https://www.tiledepot.co.nz/browse/trend-subway-pearl-75-x-150-sold-per-tile-	TREND SUBWAY PEARL 75 X 150 (SOLD PER TILE)	None	None	None	7.9	None	None	None	None
https://www.tiledepot.co.nz/browse/tribeca-basalt-60-x-246	Tribeca Basalt 60 x 246	114.9	57.45	0.5	None	GLOSS	PORCELAIN	SPAIN	Charcoal
https://www.tiledepot.co.nz/browse/tribeca-blue-note-60-x-246	Tribeca Blue Note 60 x 246	114.9	57.45	0.5	None	GLOSS	PORCELAIN	SPAIN	Blue
https://www.tiledepot.co.nz/browse/tribeca-grey-whisper-60-x-246	Tribeca Grey Whisper 60 x 246	114.9	57.45	0.5	None	GLOSS	PORCELAIN	SPAIN	Grey
https://www.tiledepot.co.nz/browse/tribeca-gypsum-white-60-x-246	Tribeca Gypsum White 60 x 246	114.9	57.45	0.5	None	GLOSS	PORCELAIN	SPAIN	White
https://www.tiledepot.co.nz/browse/tribeca-oatmeal-60-x-246	Tribeca Oatmeal 60 x 246	114.9	57.45	0.5	None	GLOSS	PORCELAIN	SPAIN	Off White
https://www.tiledepot.co.nz/browse/tribeca-pollen-60-x-246-	Tribeca Pollen 60 x 246 	114.9	57.45	0.5	None	GLOSS	PORCELAIN	SPAIN	Yellow
https://www.tiledepot.co.nz/browse/tribeca-sage-green-60-x-246	Tribeca Sage Green 60 x 246	114.9	57.45	0.5	None	GLOSS	PORCELAIN	SPAIN	Green
https://www.tiledepot.co.nz/browse/tribeca-seaglass-mint-60-x-246	Tribeca Seaglass Mint 60 x 246	114.9	57.45	0.5	None	GLOSS	PORCELAIN	SPAIN	Green
https://www.tiledepot.co.nz/browse/tribeca-tea-rose-60-x-246	Tribeca Tea Rose 60 x 246	114.9	57.45	0.5	None	GLOSS	PORCELAIN	SPAIN	Pink
https://www.tiledepot.co.nz/browse/tribeca-watercolour-60-x-246	Tribeca Watercolour 60 x 246	114.9	57.45	0.5	None	GLOSS	PORCELAIN	SPAIN	Blue
https://www.tiledepot.co.nz/browse/universal-jaipur-610-x-1220	Universal Jaipur 610 x 1220	199.9	297.85	1.49	None	MATT	PORCELAIN	ITALY	Patterned
https://www.tiledepot.co.nz/browse/urban-bevelled-white-gloss-75x300	Urban Bevelled White Gloss 75x300	59.9	59.3	0.99	None	GLOSS	CERAMIC	CHINA	White
https://www.tiledepot.co.nz/browse/urban-black-gloss-75-x-300	Urban Black Gloss 75 X 300	59.9	67.69	1.13	None	GLOSS	CERAMIC	CHINA	Black
https://www.tiledepot.co.nz/browse/urban-blush-gloss-75x300	Urban Blush Gloss 75x300	59.9	67.69	1.13	None	GLOSS	CERAMIC	CHINA	Pink
https://www.tiledepot.co.nz/browse/urban-grafite-gloss-75-x-300	Urban Grafite Gloss 75 X 300	59.9	67.69	1.13	None	GLOSS	CERAMIC	CHINA	Grey
https://www.tiledepot.co.nz/browse/urban-pearl-gloss-75-x-300	Urban Pearl Gloss 75 X 300	59.9	67.69	1.13	None	GLOSS	CERAMIC	CHINA	Grey
https://www.tiledepot.co.nz/browse/urban-sage-gloss-75x300	Urban Sage Gloss 75x300	59.9	67.69	1.13	None	GLOSS	CERAMIC	CHINA	Green
https://www.tiledepot.co.nz/browse/urban-white-gloss-75-x-300	Urban White Gloss 75 x 300	59.9	59.3	0.99	None	GLOSS	CERAMIC	CHINA	White
https://www.tiledepot.co.nz/browse/urban-white-matt-75-x-300	Urban White Matt 75 x 300	59.9	59.3	0.99	None	Matt	CERAMIC	CHINA	White
https://www.tiledepot.co.nz/browse/velvet-white-dune-300-x-600	Velvet White Dune 300 x 600	61.9	89.14	1.44	None	GLOSS	CERAMIC	CHINA	White
https://www.tiledepot.co.nz/browse/velvet-white-fusion-300-x-600	Velvet White Fusion 300 x 600	61.9	89.14	1.44	None	GLOSS	CERAMIC	CHINA	White
https://www.tiledepot.co.nz/browse/velvet-white-wave-300-x-600	Velvet White Wave 300 x 600	61.9	89.14	1.44	None	GLOSS	CERAMIC	CHINA	White
https://www.tiledepot.co.nz/browse/victoria-black-satin-ripple-65-x-265	Victoria Black Satin Ripple 65 X 265	64.9	64.9	1.0	None	MATT	CERAMIC	CHINA	Black
https://www.tiledepot.co.nz/browse/victoria-gypsum-wall-white-400-x-800	Victoria Gypsum Wall White 400 X 800	159.9	204.67	1.28	None	WALL	CERAMIC	None	White
https://www.tiledepot.co.nz/browse/victoria-white-gloss-ripple-65-x-265	Victoria White Gloss Ripple 65 x 265	56.9	56.9	1.0	None	GLOSS	CERAMIC	CHINA	White
https://www.tiledepot.co.nz/browse/victoria-white-satin-ripple-65-x-265	Victoria White Satin Ripple 65 x 265	56.9	56.9	1.0	None	MATT	CERAMIC	CHINA	White
https://www.tiledepot.co.nz/browse/vulcanika-raku-kaptur-nero-300x600	Vulcanika Raku Kaptur Nero 300x600	169.9	152.91	0.9	None	MATT	PORCELAIN	ITALY	Charcoal
https://www.tiledepot.co.nz/browse/warm-white-wall-300x600	Warm White Wall 300x600	46.9	67.54	1.44	None	GLOSS	CERAMIC	CHINA	White
https://www.tiledepot.co.nz/browse/york-slim-black-gloss-60-x-400	York Slim Black Gloss 60 x 400	61.9	59.42	0.96	None	Polished	CERAMIC	CHINA	Black
https://www.tiledepot.co.nz/browse/york-slim-white-gloss-60-x-400	York Slim White Gloss 60 x 400	61.9	59.42	0.96	None	GLOSS	CERAMIC	CHINA	White
https://www.tiledepot.co.nz/browse/york-slim-white-matt-60-x-400	York Slim White Matt 60 X 400	61.9	59.42	0.96	None	matt	CERAMIC	CHINA	White
